{"licenses": [{"name": "", "id": 0, "url": ""}], "info": {"contributor": "", "date_created": "", "description": "", "url": "", "version": "", "year": ""}, "categories": [{"id": 1, "name": "pristine", "supercategory": ""}, {"id": 2, "name": "ichiocha", "supercategory": ""}], "images": [{"id": 1, "width": 1280, "height": 720, "file_name": "vlcsnap-2022-08-03-14h03m28s144.png", "license": 0, "flickr_url": "", "coco_url": "", "date_captured": 0}, {"id": 2, "width": 1280, "height": 720, "file_name": "vlcsnap-2022-08-03-14h03m31s214.png", "license": 0, "flickr_url": "", "coco_url": "", "date_captured": 0}, {"id": 3, "width": 1280, "height": 720, "file_name": "vlcsnap-2022-08-03-14h03m41s897.png", "license": 0, "flickr_url": "", "coco_url": "", "date_captured": 0}, {"id": 4, "width": 1280, "height": 720, "file_name": "vlcsnap-2022-08-03-14h03m47s874.png", "license": 0, "flickr_url": "", "coco_url": "", "date_captured": 0}, {"id": 5, "width": 1280, "height": 720, "file_name": "vlcsnap-2022-08-03-14h03m51s734.png", "license": 0, "flickr_url": "", "coco_url": "", "date_captured": 0}, {"id": 6, "width": 1280, "height": 720, "file_name": "vlcsnap-2022-08-03-14h03m58s801.png", "license": 0, "flickr_url": "", "coco_url": "", "date_captured": 0}, {"id": 7, "width": 1280, "height": 720, "file_name": "vlcsnap-2022-08-03-14h04m02s133.png", "license": 0, "flickr_url": "", "coco_url": "", "date_captured": 0}, {"id": 8, "width": 1280, "height": 720, "file_name": "vlcsnap-2022-08-03-14h04m03s279.png", "license": 0, "flickr_url": "", "coco_url": "", "date_captured": 0}, {"id": 9, "width": 1280, "height": 720, "file_name": "vlcsnap-2022-08-03-14h04m06s189.png", "license": 0, "flickr_url": "", "coco_url": "", "date_captured": 0}, {"id": 10, "width": 1280, "height": 720, "file_name": "vlcsnap-2022-08-03-14h04m10s623.png", "license": 0, "flickr_url": "", "coco_url": "", "date_captured": 0}, {"id": 11, "width": 1280, "height": 720, "file_name": "vlcsnap-2022-08-03-14h04m24s252.png", "license": 0, "flickr_url": "", "coco_url": "", "date_captured": 0}], "annotations": [{"id": 1, "image_id": 1, "category_id": 1, "segmentation": [[519.76, 143.86, 485.02, 172.16, 477.3, 240.34, 467.01, 385.71, 461.87, 671.3, 524.9, 690.59, 577.65, 689.31, 600.8, 680.3, 608.52, 644.28, 617.53, 568.38, 618.81, 407.58, 623.96, 221.05, 626.53, 177.31, 594.37, 141.29, 604.66, 97.55, 572.5, 78.25, 526.19, 84.69, 522.33, 115.56]], "area": 84304.0, "bbox": [461.87, 78.25, 164.66, 612.34], "iscrowd": 0, "attributes": {"occluded": false, "track_id": 0, "keyframe": true}}, {"id": 2, "image_id": 1, "category_id": 2, "segmentation": [[143.13, 610.43, 149.09, 609.69, 164.72, 614.15, 165.47, 638.72, 175.14, 659.57, 164.22, 720.0, 114.15, 720.0, 119.31, 661.8, 121.54, 643.93, 140.15, 631.28]], "area": 4892.0, "bbox": [114.15, 609.69, 60.99, 110.31], "iscrowd": 0, "attributes": {"occluded": false, "track_id": 1, "keyframe": true}}, {"id": 3, "image_id": 2, "category_id": 1, "segmentation": [[519.76, 143.86, 485.02, 172.16, 477.3, 240.34, 467.01, 385.71, 461.87, 671.3, 524.9, 690.59, 577.65, 689.31, 600.8, 680.3, 608.52, 644.28, 617.53, 568.38, 618.81, 407.58, 630.4, 219.8, 630.4, 164.4, 600.8, 137.4, 605.9, 84.7, 577.6, 66.7, 537.8, 69.2, 522.3, 102.7]], "area": 86593.0, "bbox": [461.87, 66.7, 168.53, 623.89], "iscrowd": 0, "attributes": {"occluded": false, "track_id": 0, "keyframe": true}}, {"id": 4, "image_id": 2, "category_id": 2, "segmentation": [[143.13, 610.43, 149.09, 609.69, 164.72, 614.15, 165.47, 638.72, 175.14, 659.57, 164.22, 720.0, 114.15, 720.0, 119.31, 661.8, 121.54, 643.93, 140.15, 631.28]], "area": 4892.0, "bbox": [114.15, 609.69, 60.99, 110.31], "iscrowd": 0, "attributes": {"occluded": false, "track_id": 1, "keyframe": false}}, {"id": 5, "image_id": 3, "category_id": 1, "segmentation": [[461.9, 170.9, 443.8, 222.3, 416.8, 240.3, 397.5, 380.6, 382.1, 571.0, 375.7, 621.1, 389.8, 650.7, 440.0, 654.6, 474.7, 653.3, 504.3, 639.1, 501.7, 587.7, 504.3, 527.3, 509.5, 474.4, 522.3, 396.0, 526.1, 306.0, 533.9, 255.8, 510.8, 230.0, 513.3, 174.7]], "area": 54187.0, "bbox": [375.7, 170.9, 158.2, 483.7], "iscrowd": 0, "attributes": {"occluded": false, "track_id": 0, "keyframe": true}}, {"id": 6, "image_id": 3, "category_id": 2, "segmentation": [[241.89, 371.56, 236.74, 393.43, 222.59, 412.73, 217.45, 488.63, 239.31, 451.32, 267.62, 443.6, 270.19, 410.15, 261.18, 397.29, 262.47, 374.13, 241.89, 370.27]], "area": 3252.0, "bbox": [217.45, 370.27, 52.74, 118.36], "iscrowd": 0, "attributes": {"occluded": false, "track_id": 2, "keyframe": true}}, {"id": 7, "image_id": 4, "category_id": 1, "segmentation": [[657.4, 161.9, 629.0, 169.6, 618.7, 218.4, 593.1, 235.3, 578.9, 358.7, 572.5, 432.0, 568.6, 488.6, 559.6, 558.2, 555.7, 610.9, 591.8, 604.4, 618.8, 604.4, 690.8, 617.3, 690.9, 549.0, 696.0, 430.7, 704.9, 342.0, 712.7, 251.9, 681.9, 219.7, 685.7, 174.7]], "area": 51232.0, "bbox": [555.7, 161.9, 157.0, 455.4], "iscrowd": 0, "attributes": {"occluded": false, "track_id": 0, "keyframe": true}}, {"id": 8, "image_id": 4, "category_id": 2, "segmentation": [[241.89, 371.56, 236.7, 383.1, 222.6, 407.6, 217.45, 488.63, 239.31, 451.32, 267.62, 443.6, 270.19, 410.15, 261.18, 397.29, 263.8, 363.8, 241.9, 362.6]], "area": 3601.0, "bbox": [217.45, 362.6, 52.74, 126.03], "iscrowd": 0, "attributes": {"occluded": false, "track_id": 2, "keyframe": true}}, {"id": 9, "image_id": 5, "category_id": 1, "segmentation": [[656.1, 170.9, 621.3, 173.5, 618.7, 218.4, 593.1, 235.3, 578.9, 358.7, 572.5, 432.0, 568.6, 488.6, 559.6, 558.2, 555.7, 610.9, 591.8, 604.4, 618.8, 604.4, 690.8, 617.3, 690.9, 549.0, 696.0, 430.7, 704.9, 342.0, 698.5, 259.6, 675.5, 227.4, 680.6, 177.3]], "area": 49628.0, "bbox": [555.7, 170.9, 149.2, 446.4], "iscrowd": 0, "attributes": {"occluded": false, "track_id": 0, "keyframe": true}}, {"id": 10, "image_id": 5, "category_id": 2, "segmentation": [[241.89, 371.56, 236.7, 383.1, 222.6, 407.6, 212.3, 523.4, 256.0, 506.6, 267.62, 443.6, 270.19, 410.15, 261.18, 397.29, 263.8, 363.8, 241.9, 362.6]], "area": 6188.0, "bbox": [212.3, 362.6, 57.89, 160.8], "iscrowd": 0, "attributes": {"occluded": false, "track_id": 2, "keyframe": true}}, {"id": 11, "image_id": 6, "category_id": 1, "segmentation": [[347.38, 401.15, 325.51, 417.87, 316.5, 482.19, 308.78, 563.24, 365.38, 568.38, 378.25, 474.47, 383.39, 419.16, 374.39, 403.72, 376.96, 381.85, 353.81, 377.99, 348.66, 399.86]], "area": 9970.0, "bbox": [308.78, 377.99, 74.61, 190.39], "iscrowd": 0, "attributes": {"occluded": false, "track_id": 3, "keyframe": true}}, {"id": 12, "image_id": 6, "category_id": 2, "segmentation": [[527.48, 657.15, 532.62, 545.23, 537.77, 399.86, 575.07, 345.83, 578.93, 302.09, 614.95, 295.66, 636.82, 304.67, 636.82, 366.41, 653.55, 407.58, 644.54, 551.66, 643.25, 643.0, 591.8, 646.86, 528.76, 671.3]], "area": 36217.0, "bbox": [527.48, 295.66, 126.07, 375.64], "iscrowd": 0, "attributes": {"occluded": false, "track_id": 4, "keyframe": true}}, {"id": 13, "image_id": 7, "category_id": 1, "segmentation": [[347.38, 401.15, 325.51, 417.87, 316.5, 482.19, 310.69, 543.32, 367.29, 551.04, 378.25, 474.47, 383.39, 419.16, 378.89, 411.44, 375.68, 392.79, 376.96, 381.85, 353.81, 377.99, 348.66, 399.86]], "area": 8911.0, "bbox": [310.69, 377.99, 72.7, 173.05], "iscrowd": 0, "attributes": {"occluded": false, "track_id": 3, "keyframe": false}}, {"id": 14, "image_id": 7, "category_id": 2, "segmentation": [[512.0, 652.5, 517.2, 541.4, 531.3, 379.3, 559.6, 343.3, 566.6, 295.9, 590.3, 287.9, 632.2, 306.2, 618.3, 347.9, 645.8, 406.0, 633.7, 554.7, 634.0, 641.5, 591.8, 646.86, 510.2, 674.4]], "area": 38300.0, "bbox": [510.2, 287.9, 135.6, 386.5], "iscrowd": 0, "attributes": {"occluded": false, "track_id": 4, "keyframe": true}}, {"id": 15, "image_id": 8, "category_id": 1, "segmentation": [[347.38, 401.15, 325.51, 417.87, 316.5, 482.19, 312.6, 523.4, 369.2, 533.7, 378.25, 474.47, 383.39, 419.16, 374.39, 403.72, 376.96, 381.85, 353.81, 377.99, 348.66, 399.86]], "area": 7794.0, "bbox": [312.6, 377.99, 70.79, 155.71], "iscrowd": 0, "attributes": {"occluded": false, "track_id": 3, "keyframe": true}}, {"id": 16, "image_id": 8, "category_id": 2, "segmentation": [[505.05, 648.65, 509.5, 540.65, 527.45, 378.55, 555.75, 343.95, 562.75, 295.25, 590.3, 287.9, 624.5, 306.2, 618.3, 347.9, 642.6, 407.3, 627.9, 555.35, 625.5, 639.2, 581.0, 646.88, 500.95, 675.95]], "area": 38676.0, "bbox": [500.95, 287.9, 141.65, 388.05], "iscrowd": 0, "attributes": {"occluded": false, "track_id": 4, "keyframe": false}}, {"id": 17, "image_id": 9, "category_id": 1, "segmentation": [[347.38, 401.15, 325.51, 417.87, 316.5, 482.19, 304.9, 571.3, 366.1, 575.4, 378.25, 474.47, 383.39, 419.16, 374.39, 403.72, 376.96, 381.85, 353.81, 377.99, 348.66, 399.86]], "area": 10629.0, "bbox": [304.9, 377.99, 78.49, 197.41], "iscrowd": 0, "attributes": {"occluded": false, "track_id": 3, "keyframe": true}}, {"id": 18, "image_id": 9, "category_id": 2, "segmentation": [[498.1, 644.8, 501.8, 539.9, 523.6, 377.8, 551.9, 344.6, 558.9, 294.6, 590.3, 287.9, 616.8, 306.2, 618.3, 347.9, 639.4, 408.6, 622.1, 556.0, 617.0, 636.9, 570.2, 646.9, 491.7, 677.5]], "area": 39050.0, "bbox": [491.7, 287.9, 147.7, 389.6], "iscrowd": 0, "attributes": {"occluded": false, "track_id": 4, "keyframe": true}}, {"id": 19, "image_id": 10, "category_id": 1, "segmentation": [[347.38, 401.15, 325.51, 417.87, 316.5, 482.19, 312.6, 526.3, 368.7, 535.5, 378.25, 474.47, 383.39, 419.16, 374.39, 403.72, 376.96, 381.85, 353.81, 377.99, 348.66, 399.86]], "area": 7920.0, "bbox": [312.6, 377.99, 70.79, 157.51], "iscrowd": 0, "attributes": {"occluded": false, "track_id": 3, "keyframe": true}}, {"id": 20, "image_id": 10, "category_id": 2, "segmentation": [[506.87, 88.01, 428.4, 156.19, 361.51, 719.65, 388.24, 720.0, 654.96, 720.0, 671.54, 327.29, 680.54, 170.34, 634.23, 104.73, 638.09, 24.97, 594.09, 0.0, 535.75, 0.0, 515.88, 5.68, 505.59, 57.14, 500.44, 75.15]], "area": 176481.0, "bbox": [361.51, 0.0, 319.03, 720.0], "iscrowd": 0, "attributes": {"occluded": false, "track_id": 5, "keyframe": true}}, {"id": 21, "image_id": 11, "category_id": 2, "segmentation": [[488.16, 408.78, 522.17, 407.6, 521.0, 439.26, 533.9, 456.85, 539.76, 623.37, 478.78, 626.89, 469.4, 462.72, 486.99, 436.92]], "area": 12497.0, "bbox": [469.4, 407.6, 70.36, 219.29], "iscrowd": 0, "attributes": {"occluded": false, "track_id": 6, "keyframe": true}}, {"id": 22, "image_id": 11, "category_id": 1, "segmentation": [[638.26, 378.29, 633.57, 354.83, 669.92, 351.32, 667.58, 382.98, 682.82, 404.08, 691.03, 585.84, 626.53, 594.05, 620.67, 495.55, 619.5, 394.7]], "area": 14191.0, "bbox": [619.5, 351.32, 71.53, 242.73], "iscrowd": 0, "attributes": {"occluded": false, "track_id": 7, "keyframe": true}}]}